word,score
occluding,1.0
havoc,1.0
unproving,0.97
indiscreet,0.7
glower,0.88
ineffectively,1.0
loathe,1.0
lividly,0.97
beware,1.0
smear,1.0
laughingstock,0.97
iniquitous,0.75
cave,0.8
harass,1.0
peel,1.0
scramble,0.99
ill - sorted,1.0
foulness,1.0
entangle,0.75
ricer,0.82
fastuous,0.7
diabolical,0.99
grumpish,1.0
flimflam,1.0
slumppe,1.0
craftly,1.0
douchbag,1.0
remorse,1.0
unpredictable,0.8
underdog,0.82
reprehension,1.0
accurse,0.79
misbegotten,1.0
grumpily,1.0
depravedly,0.98
peeve,1.0
bereavement,0.98
slug,1.0
despondency,1.0
conflict,1.0
backache,1.0
whining,1.0
sarcasm,0.97
repulsive,0.99
injure,1.0
unusually,0.66
smolder,0.99
unreachable,1.0
volatility,0.99
abolish,0.95
mockery,0.99
senile,0.96
denie,0.88
long - time,1.0
heavy - handed,0.99
disliking,1.0
uncertain,1.0
scared,0.99
franticly,0.99
incendiary,0.6
sas,0.81
unconfirmed,0.86
yawn,1.0
hard,0.7
flees,0.93
burdensome,1.0
creak,1.0
cripple,1.0
condemn,1.0
ineptitude,1.0
sanctimonious,1.0
fraudulent,0.99
smugly,1.0
provocation,0.62
forceful,1.0
cataclysm,0.92
horrid,1.0
injurious,0.6
uncompromising,0.78
cruelty,1.0
haunting,1.0
bemoan,0.99
unfavorable,1.0
regression,1.0
intense,1.0
gainsayer,0.97
extravagantly,1.0
dissatisfactory,1.0
corrupted,1.0
undetermined,0.95
frightfully,1.0
danger,1.0
despondent,1.0
beguile,0.68
mordantly,0.98
top - heavy,1.0
contemptuous,1.0
scorching,1.0
ravage,0.83
wack,1.0
eschew,0.99
flaw,1.0
inadvisable,1.0
diffidence,1.0
contradict,0.9
stall,0.99
jealous,0.97
besmirch,0.96
foolish,1.0
slap,1.0
screw,0.95
acrimony,1.0
upseting,1.0
boredom,1.0
callous,1.0
rant,1.0
stigma,1.0
odd,1.0
botch,1.0
outmoded,0.65
crowded,0.98
officious,0.52
anxiousness,0.79
headache,1.0
insolently,0.99
avariciously,1.0
incommensurate,1.0
hack,1.0
cutthroat,0.91
invasive,0.98
sad,1.0
unjustifiable,0.99
errant,0.99
ill - form,1.0
over - balance,1.0
intrusion,0.99
intransigent,0.91
revoltingly,1.0
disingenuously,1.0
obscurity,1.0
cruelly,1.0
contemptuously,0.98
distraught,1.0
disclaim,0.96
mawkishly,1.0
damnation,0.96
job - killing,0.99
deplore,0.99
plight,1.0
debaucher,1.0
misleadingly,1.0
apathetic,0.9
desolation,1.0
careless,1.0
reject,0.99
macabre,1.0
rail,0.98
inferiority,1.0
repugnant,1.0
disappointingly,1.0
tediously,1.0
ominously,0.94
glare,1.0
indoctrination,0.99
blistering,1.0
troublesomely,1.0
tarnish,1.0
orphan,0.99
awkwardness,1.0
monotony,1.0
loose,1.0
irresponsibly,0.99
cheerless,0.99
plunderer,0.99
deceptively,0.97
dissuasive,1.0
crazy,0.94
exile,1.0
falsify,1.0
poor,1.0
zealot,1.0
blather,1.0
slooow,0.99
clunky,1.0
combust,0.99
abscond,0.87
befoul,0.66
nitpick,1.0
measly,1.0
figurehead,0.89
warn,1.0
drastically,0.81
affront,0.77
illness,1.0
stiff,1.0
dreadful,1.0
inadverently,1.0
fabrication,1.0
thorny,0.99
crumble,1.0
controversy,0.97
impetuous,0.99
averse,1.0
moot,0.59
sinisterly,0.63
confused,1.0
fatcat,0.7
explode,0.98
languorously,0.54
distress,1.0
snappishly,0.8
fatuity,0.99
over - act,1.0
irksomely,1.0
joke,0.99
boil,1.0
appal,0.52
corruptted,1.0
snobbish,1.0
dislocate,1.0
enrage,0.96
threaten,1.0
babble,0.99
perversely,0.99
immodest,1.0
dishonest,1.0
obstinate,1.0
ambivalence,1.0
exclusion,1.0
preposterous,1.0
disrupt,0.98
shamelessness,1.0
naively,1.0
mistaken,1.0
insanity,1.0
chore,1.0
appall,0.99
persecution,1.0
unuseable,1.0
insensitivity,1.0
misuse,1.0
gravely,0.65
horrendous,1.0
excuse,0.99
2-faced,1.0
broke,1.0
unavoidably,0.85
destruction,1.0
misunderstood,0.99
impose,0.98
shimmy,0.99
injudicious,0.85
condescendingly,1.0
unrelenting,0.96
bogus,1.0
lackadaisical,1.0
hassle,0.99
feign,0.76
perversion,0.83
crowdedness,1.0
aggressive,0.64
surrender,0.96
forebodingly,0.99
inexcusably,1.0
distract,0.99
catastrophe,1.0
complex,1.0
grieve,0.98
crap,1.0
chronic,1.0
butchery,0.99
startling,1.0
villian,0.71
heck,0.85
lurch,1.0
wheedle,1.0
shortcome,1.0
vileness,1.0
obliterated,1.0
risk,0.99
inequitably,0.99
faze,1.0
diametrically,0.98
outlaw,0.54
downhearte,1.0
fucking,0.99
inconstant,1.0
overzelous,0.99
jitter,0.72
aggrieve,1.0
perfunctory,1.0
heartless,0.91
moron,1.0
exasperatingly,1.0
contempt,1.0
bloated,1.0
manipulative,0.97
moronic,1.0
hatefulness,1.0
nasty,1.0
disorganize,1.0
redundant,1.0
shadowy,0.94
greasy,1.0
snag,0.99
antagonism,1.0
lunatic,1.0
mislead,1.0
solicitude,0.58
calumniously,1.0
immovable,1.0
exhorbitant,0.61
anti - israeli,0.99
indiscernible,0.97
spoilage,1.0
tension,0.99
zombie,1.0
audaciously,1.0
overshadow,0.98
loser,1.0
downcast,1.0
sadden,1.0
inconceivable,1.0
gaudy,1.0
regress,0.98
aggressiveness,0.95
devilment,0.93
discrimination,1.0
oppress,1.0
contrived,1.0
exaggerate,0.99
dispiriting,1.0
egotism,1.0
jolt,1.0
niggles,0.99
blast,0.98
besiege,0.54
posture,1.0
deject,1.0
trample,1.0
misbehave,1.0
crappy,0.99
scandalously,1.0
hostile,1.0
foe,0.99
attack,1.0
damnably,0.86
fake,0.99
opponent,0.96
restrict,0.95
adamantly,0.97
expropriation,0.99
disintegrate,1.0
emphatically,1.0
virulence,0.99
spewed,1.0
suspiciously,0.99
finagle,0.95
emaciate,0.99
restlessness,1.0
decadence,0.93
beggar,1.0
unwise,0.97
condemnable,1.0
strangle,1.0
direness,1.0
byzantine,0.68
straggler,1.0
prideful,1.0
mash,0.68
self - destructive,1.0
thrash,1.0
litigious,0.59
cringe,1.0
devastate,1.0
incompetently,1.0
iniquity,1.0
effrontery,1.0
shock,0.95
imperiously,0.68
dissolute,1.0
manipulator,0.91
alarming,1.0
disillusion,1.0
stifle,1.0
pretentiously,1.0
degenerately,1.0
unsteady,1.0
shame,1.0
turmoil,0.95
shockingly,0.94
unyielding,1.0
obnoxious,1.0
sully,0.76
inaccurately,1.0
rantingly,0.99
tiringly,1.0
horrifying,1.0
less - develop,1.0
criticize,0.98
irretrievable,0.66
aggrieved,1.0
villainous,0.99
miff,0.78
arrogant,1.0
capriciously,0.73
sloooooooooooooow,1.0
snare,0.98
impedance,0.98
scratch,1.0
denunciation,0.98
incoherently,1.0
melodramatically,0.91
goof,1.0
myth,0.97
sloppily,1.0
fickle,1.0
deceiver,0.98
hysteric,0.99
crass,1.0
overwhelming,1.0
secretive,0.86
bumpping,0.59
simplistic,0.99
impetuously,0.98
needy,0.99
protract,0.94
stale,1.0
unlawful,0.96
injustice,1.0
imbroglio,0.98
pale,1.0
uproot,0.85
disable,0.62
opinionated,0.93
salacious,0.74
conspiracy,0.99
lewdly,0.99
poky,1.0
destructive,1.0
ambiguous,0.72
ruthlessness,0.96
undercutting,0.98
repugnantly,1.0
threesome,1.0
stunt,1.0
wretchedly,1.0
commonplace,0.91
sorry,1.0
dehumanization,1.0
fiasco,1.0
irritable,1.0
admonisher,0.57
casualty,1.0
dissemble,1.0
panicky,1.0
irrational,1.0
freeze,0.99
decay,1.0
execrate,1.0
outraged,0.99
obscenity,0.99
pan,0.68
nebulous,0.53
defy,0.59
coercion,1.0
unreadable,1.0
unexpectedly,0.96
ungovernable,0.98
overpower,0.74
lawlessness,1.0
rascal,0.99
enmity,0.97
dismissively,1.0
poison,1.0
harangue,1.0
disgustedly,1.0
tauntingly,0.98
bulky,1.0
ineligible,0.93
destitution,1.0
ironically,0.73
beg,0.95
trivialize,1.0
overpay,1.0
ripoff,1.0
ultimatum,0.97
ugly,1.0
preposterously,0.98
sedentary,1.0
contort,1.0
picky,0.95
mirage,0.72
licentiousness,1.0
ambush,0.99
blasphemous,1.0
infuriatingly,1.0
undersized,0.99
vain,1.0
pittance,0.91
impulsive,0.69
mistress,0.97
discomfititure,0.98
traitorous,1.0
complaint,1.0
bloody,1.0
confuse,1.0
burdensomely,1.0
vestige,0.53
untrue,0.96
misread,1.0
vulnerable,0.95
lackluster,1.0
unwell,1.0
chasten,0.97
dejectedly,1.0
concern,0.51
inflationary,1.0
zealous,0.97
cry,0.98
contamination,1.0
anger,1.0
incense,0.51
intermittent,0.93
deny,0.98
false,1.0
over - hype,1.0
misjudge,1.0
remorselessness,0.99
strident,0.91
inessential,0.97
capricious,1.0
objection,0.99
obnoxiously,1.0
malign,1.0
frig,0.96
bullshyt,0.92
disrespectable,1.0
assail,0.91
adverse,1.0
ingrate,0.81
wretchedness,1.0
fawningly,0.54
misdirection,1.0
misunderstanding,1.0
irretate,1.0
foul,1.0
contention,0.91
anti-,0.99
semi - retarded,1.0
slash,1.0
hegemonistic,0.88
object,1.0
dismissive,1.0
contagious,1.0
despairing,1.0
despicably,1.0
subtract,1.0
idiot,0.98
flee,0.93
unviewable,1.0
invalid,0.99
dissonant,1.0
badly,1.0
jutter,1.0
inconsequent,1.0
scratchy,1.0
mundane,1.0
absurdity,1.0
drastic,0.82
disaccord,1.0
grate,1.0
unprofitable,1.0
appalling,1.0
mordant,0.6
uproariously,1.0
nonresponsive,0.61
b,0.58
bondage,1.0
desperation,1.0
hesitant,1.0
overwhelm,1.0
rattle,0.99
reprimand,0.99
steeply,0.77
useless,1.0
depressingly,1.0
dispiritedly,1.0
miss,0.94
blurt,1.0
handicapped,0.99
far - fetched,1.0
con,0.98
enslave,1.0
disallow,1.0
swipe,0.99
blockage,1.0
rogue,0.99
disapproving,1.0
skeptical,0.8
ail,1.0
tenderness,1.0
superficially,0.97
darkness,0.99
fallout,1.0
graft,1.0
abysmally,0.99
abominate,1.0
unfriendly,1.0
chintzy,1.0
mangle,0.82
pernicious,0.78
shamefulness,1.0
awfully,1.0
sloow,0.99
unravel,1.0
crumple,1.0
snub,0.92
crook,0.99
dud,1.0
irritant,1.0
deploringly,1.0
inane,1.0
fidgety,1.0
tumble,0.99
preoccupy,0.95
embroil,0.98
incapable,1.0
fretful,0.99
toxic,1.0
sourly,1.0
acridness,1.0
tedious,1.0
divisiveness,1.0
tortuous,1.0
unneeded,1.0
hideous,1.0
faulty,1.0
disrespectful,1.0
exorbitantance,0.99
insultingly,1.0
inconceivably,1.0
cuss,0.7
alienate,1.0
deprive,1.0
cuplrit,0.98
terror,1.0
inefficiently,0.82
fail,1.0
scummy,1.0
illiterate,1.0
hotheade,0.79
facetious,1.0
imperious,0.99
pitiful,1.0
abrupt,1.0
trashy,1.0
taint,1.0
uncivil,1.0
pitilessly,1.0
disappointed,1.0
itch,1.0
mistake,1.0
incessant,1.0
get - rich,0.67
nastily,0.8
fatefully,0.96
misapprehend,0.96
irate,1.0
static,1.0
smelt,0.97
agonizing,1.0
disastrous,1.0
slanderer,1.0
steal,0.83
dissocial,1.0
sack,0.99
fatique,0.98
sketchy,1.0
harbor,0.73
two - face,1.0
ineffectual,1.0
scrap,1.0
irrecoverable,1.0
belie,1.0
terrorism,1.0
provoke,1.0
mindless,1.0
deviation,1.0
incoherence,1.0
obtuse,1.0
diatribe,0.98
wimpy,1.0
earsplitting,0.73
fruitlessly,0.99
irrationally,1.0
sag,1.0
contrariness,0.97
intolerable,1.0
confession,0.94
deluge,1.0
critical,0.64
hypocrisy,1.0
rocky,0.91
impend,1.0
harrow,0.94
flake,1.0
farfetched,0.74
traitorously,1.0
infest,0.98
inefficient,0.99
irredeemable,0.99
disasterous,1.0
excoriate,0.91
despair,1.0
pointless,1.0
subjugation,0.97
ghost,0.97
haggle,0.96
fiction,1.0
askance,0.63
unsure,0.99
delusional,1.0
stupid,0.99
loathsomely,1.0
contortion,0.99
tetchily,1.0
smelly,1.0
odor,1.0
tetchy,0.99
decadent,0.83
embattle,0.91
naughty,0.68
split,1.0
mystify,0.99
junky,1.0
inelegant,1.0
pitiable,1.0
ruin,1.0
wedge,0.81
rhetorical,0.89
devilish,0.83
dissappointe,1.0
picket,0.99
blindside,1.0
inflammatory,1.0
miserableness,1.0
disdainfully,1.0
tease,0.97
bother,1.0
rave,1.0
oversimplification,1.0
grapple,0.94
writhe,0.99
abyss,1.0
unease,1.0
tawdry,1.0
needlessly,1.0
diabolically,0.99
worsen,1.0
painfully,1.0
cloudy,1.0
disadvantaged,0.93
crueler,1.0
irk,1.0
treacherous,1.0
abominably,1.0
tank,0.61
sardonically,1.0
mendacity,0.95
god - awful,1.0
undependable,0.99
intransigence,0.54
coercive,0.99
unclean,1.0
dis,1.0
prickle,1.0
involuntarily,0.9
overzealous,1.0
spendy,0.9
banalize,1.0
onslaught,0.97
pertinacious,1.0
fundamentalism,0.99
altercation,0.75
disavow,1.0
distraughtly,1.0
unusably,1.0
jealously,0.64
hatefully,1.0
unethical,1.0
undependability,1.0
prick,1.0
nag,1.0
indistinguishable,0.54
forlorn,0.92
self - humiliation,1.0
unpleasantrie,1.0
inaccurate,1.0
acrimoniously,0.95
drawback,0.99
difficulty,1.0
perplexity,1.0
inadverent,1.0
abruptly,0.88
kook,1.0
unproven,0.98
groundless,0.99
adamant,1.0
shortness,1.0
apprehensively,0.8
indifferent,1.0
neurotically,0.78
distorted,1.0
ruinous,1.0
perilously,0.98
distrustful,0.99
incorrectly,1.0
predicament,1.0
disconsolately,1.0
upheaval,0.85
heartbreaking,0.61
lascivious,0.96
sink,1.0
usurp,0.98
berate,0.6
extinguish,1.0
shatter,0.99
skulk,0.9
inordinately,0.99
nemesis,1.0
woe,1.0
uproar,0.77
superficiality,1.0
addict,1.0
erratic,1.0
mania,0.98
sadly,1.0
passive,0.99
downgrade,1.0
waste,1.0
rampage,0.99
lousy,1.0
shrug,0.98
accuse,1.0
terribleness,1.0
languid,0.78
pillage,1.0
bickering,0.95
blur,1.0
haze,1.0
imaginary,0.98
geezer,0.82
blabber,1.0
dismayed,1.0
darker,0.99
heartbreaker,0.92
demoralizing,0.99
cramp,0.97
dead,1.0
forbid,1.0
rhapsodize,1.0
angry,1.0
phobic,0.99
archaic,1.0
leery,1.0
miser,1.0
infringe,1.0
massacre,1.0
ignominious,1.0
arcane,0.99
negate,1.0
testily,0.97
fuss,0.97
fanatically,1.0
hell - bent,1.0
set - up,0.99
slanderous,1.0
oppressor,0.99
presumptuous,1.0
immoral,1.0
reckless,0.99
resign,0.92
dishonesty,1.0
blah,1.0
friggin,0.87
downbeat,1.0
payback,0.92
intoxicate,1.0
obstruct,1.0
outburst,1.0
maliciously,0.99
fallacy,0.99
destitute,1.0
desultory,1.0
bump,0.51
cruelness,1.0
impolite,1.0
gullible,1.0
radicalization,1.0
hustler,1.0
zap,0.97
drought,1.0
recession,1.0
egotistically,1.0
relapse,0.99
lose,1.0
fulminate,1.0
hiss,1.0
rebuke,0.93
plebeian,0.93
oversize,1.0
overwhelmed,0.98
incognizant,1.0
instability,1.0
abusive,1.0
vagrant,0.98
ill - advise,1.0
cold,1.0
jabber,1.0
bafflement,1.0
chagrin,1.0
smallish,0.99
joker,0.99
delude,0.98
devious,0.99
gaff,0.8
bleakness,1.0
unlucky,1.0
malady,1.0
dazed,1.0
perturbed,1.0
partisan,1.0
conspirator,0.82
splitting,1.0
intimidation,1.0
fustigate,1.0
naive,0.99
ill - favor,1.0
absurdly,1.0
pandemonium,0.89
ugliness,1.0
irreversible,0.97
pretentious,1.0
froze,1.0
frenzied,1.0
fascist,1.0
jumpy,0.88
lame - duck,1.0
inimical,0.56
superficial,1.0
murky,1.0
vengefully,0.82
thankless,0.91
terrible,1.0
forbidden,0.95
cursed,1.0
gimmicking,1.0
gruesome,1.0
overstatement,1.0
scandal,1.0
deadweight,0.99
insubstantial,0.97
messing,1.0
lack,0.99
malevolently,0.93
sardonic,1.0
indignation,1.0
censure,1.0
disrespect,1.0
hypocricy,1.0
revenge,0.92
ill - conceive,1.0
ugh,1.0
harden,0.52
fury,0.94
fleeting,0.99
pity,1.0
vagueness,1.0
flakieness,0.63
disturbance,1.0
irresolute,0.99
disbelieve,1.0
shroud,1.0
disabled,0.99
recalcitrant,0.98
hamper,0.97
freakish,1.0
insociable,1.0
capriciousness,1.0
tramp,0.81
utterly,0.76
harshly,1.0
dissenter,0.84
subject,0.96
cocky,0.76
regret,1.0
sceptical,1.0
ob,0.63
whip,0.97
fathomless,1.0
chastisement,1.0
shortchange,1.0
violently,1.0
conspicuous,1.0
fraught,0.99
pointlessly,1.0
lawbreaker,0.94
wreak,0.99
indolent,0.98
wail,1.0
unfeeling,1.0
dreary,1.0
brittle,1.0
inexpiable,0.99
defrauding,0.99
oblivious,1.0
cranky,1.0
collude,0.99
costlier,1.0
disagreed,0.79
startle,0.9
spank,0.97
disapointed,1.0
stampede,0.99
screwy,1.0
filth,1.0
flaky,1.0
thwart,0.94
adversity,0.99
brimstone,1.0
bitterness,0.99
left - lean,0.99
jade,0.93
leech,1.0
gasp,0.95
murderer,1.0
baseless,1.0
tragedy,1.0
brat,1.0
asinininity,0.82
panick,1.0
contemptible,1.0
horrific,1.0
madness,0.97
exploit,0.99
nettle,1.0
ill - mannered,1.0
untested,0.63
anti - social,0.99
regretfully,0.98
drown,1.0
impious,0.99
prate,0.98
bait,0.98
obsolete,1.0
idiotic,0.99
desert,1.0
uneconomical,1.0
exhausted,1.0
noxious,1.0
dust,1.0
unwillingly,0.98
vulgar,1.0
life - threaten,1.0
unsustainable,0.99
incomparably,1.0
pricey,0.87
impatience,1.0
mar,0.74
shrouded,0.98
blab,1.0
poverty,1.0
humiliating,1.0
buzzing,0.97
brutally,1.0
blameworthy,1.0
irksome,1.0
indecency,0.99
chaotic,1.0
awfulness,1.0
punish,1.0
imprecise,1.0
stuffy,1.0
indiscriminately,0.78
insulted,0.99
traumatize,0.73
underestimate,0.78
dinky,1.0
rough,1.0
insufferable,1.0
treason,1.0
sneak,0.68
fright,1.0
distressingly,1.0
unprepared,0.53
anti - american,0.97
cartoonish,1.0
disdain,1.0
senselessly,0.99
frightening,1.0
distraction,0.91
infiltrator,1.0
exorbitantly,0.95
marginally,0.74
pain,1.0
tyrant,0.99
burden,1.0
scant,1.0
unusual,0.98
emergency,0.56
indignantly,0.95
counterproductive,0.91
deceive,1.0
fallaciously,0.99
rue,0.78
saggy,1.0
presumptuously,1.0
motley,0.95
unrealistic,1.0
unorthodox,0.98
reprehensive,1.0
imbalance,1.0
inelegance,1.0
layoff,0.99
insular,0.88
brute,0.53
discourteous,1.0
ignominy,1.0
impair,1.0
destabilisation,1.0
limit,0.93
inaudible,1.0
extremist,0.99
imperialist,0.62
gloom,1.0
confrontation,0.99
stain,1.0
pervasive,0.99
belligerent,0.99
problem,1.0
wildly,0.99
inclement,1.0
dire,1.0
importunate,0.7
felonious,1.0
grouchy,0.95
bid - rig,0.98
inconsequently,1.0
wickedness,1.0
mist,1.0
concen,0.65
regrettably,1.0
immoderately,1.0
paranoia,1.0
goad,0.98
misleading,1.0
laughably,0.89
growl,0.66
low - rate,1.0
tenuous,0.99
improper,0.99
desiccate,1.0
mistrustful,1.0
conflicted,1.0
questionable,0.99
avaricious,1.0
clique,1.0
debasement,1.0
inordinate,0.97
perilous,0.99
evildoer,0.76
aggrivation,1.0
ineloquently,0.98
trickery,1.0
impenitent,0.93
incorrigibly,1.0
disturbing,1.0
overblown,1.0
throbbed,1.0
baffle,1.0
traitor,1.0
pimple,0.94
staid,0.79
unforgive,0.98
ill - use,1.0
conscon,0.96
unacceptably,0.99
antiquated,0.81
vex,1.0
unachievable,0.94
ill - usage,1.0
quitter,0.99
deride,1.0
grumpier,1.0
smutti,0.55
strife,1.0
revengefully,0.93
frustrated,1.0
propagandize,0.99
matte,0.99
biting,0.9
overlook,0.98
fractious,0.97
indiscriminate,0.82
downturn,1.0
brazen,0.9
annoyed,1.0
stingingly,0.65
repugn,1.0
mawkishness,1.0
fallaciousness,0.99
manipulate,0.97
disunity,1.0
livid,0.8
bowdlerize,0.89
mediocre,1.0
bum,1.0
discontinue,1.0
cheaply,1.0
sorrowfully,0.8
immoderate,1.0
alarm,0.99
hatred,1.0
demonic,1.0
aloof,0.99
hapless,1.0
reluctance,0.99
decline,1.0
mulish,0.97
creep,1.0
shun,0.99
muddy,1.0
standstill,0.72
unreliable,1.0
fumble,1.0
overawe,1.0
horrible,1.0
shrew,1.0
barren,1.0
sugarcoat,0.97
daunt,0.9
temper,0.71
obsessiveness,1.0
mortifying,1.0
detract,1.0
stump,1.0
antagonist,0.96
disagree,0.95
spill,0.99
degenerate,1.0
selfish,0.99
invader,1.0
pollute,1.0
buggy,1.0
self - interested,0.99
unsettled,0.98
startlingly,1.0
incongruous,1.0
indeterminate,0.98
ungrateful,0.98
shake,0.91
gripe,0.94
gimmicke,1.0
suck,1.0
impatient,1.0
moan,0.99
one - sided,1.0
ironical,0.66
rusty,1.0
decry,0.99
intolerance,0.99
debacle,1.0
humiliate,1.0
limitation,0.98
bleeds,1.0
pokey,0.97
dissension,1.0
indulge,0.99
abrasive,1.0
insupportably,0.95
aground,0.98
goofy,0.98
despise,1.0
disturb,1.0
downfallen,1.0
stole,0.93
heretical,1.0
mistifie,1.0
heretic,0.98
expulse,0.98
shirker,0.95
panicked,1.0
stupidly,0.99
slowwww,1.0
forge,0.88
lament,1.0
so - cal,0.94
stiflingly,0.99
meddlesome,1.0
unskilled,0.99
irregularity,1.0
spookily,0.97
overwhelmingly,0.94
disfavor,1.0
draconic,1.0
irony,0.92
trick,0.55
scarier,0.96
rremediable,0.94
reprovingly,0.94
smokescreen,0.62
simplistically,0.94
inexpertly,0.72
impossiblity,1.0
tyranny,1.0
hothead,0.99
carnage,1.0
demonizing,1.0
interrupt,0.98
confess,0.7
distressed,1.0
hegemony,0.94
lone,0.92
inflict,1.0
bunk,0.52
deprave,0.99
repression,1.0
impractical,1.0
midget,0.91
ding,0.91
wreck,1.0
sarcastic,0.84
disdained,1.0
wound,1.0
disprove,0.94
pompous,1.0
mistrust,1.0
prejudge,0.91
listless,1.0
implode,1.0
dissention,0.84
cynicism,1.0
slave,0.86
painfull,1.0
inappropriate,1.0
notoriously,0.56
smack,1.0
impersonal,0.99
implicate,0.95
fissure,1.0
argumentative,0.95
antithetical,0.96
sneeringly,0.99
cynical,1.0
funnily,1.0
hoax,1.0
prosecute,0.87
douchebag,1.0
revile,0.99
powerless,0.98
extravagance,1.0
smash,0.98
nettlesome,0.99
unfaithfully,1.0
subversive,0.68
squabble,1.0
inculcate,0.77
hairloss,1.0
relentlessness,1.0
tiring,1.0
transgress,0.88
wilt,0.99
bedlam,0.93
vindictiveness,0.99
unruly,1.0
disillusionment,1.0
incapably,1.0
languish,1.0
disreputable,1.0
deficiency,1.0
stubborn,0.66
insufferably,1.0
severe,1.0
punk,1.0
subversion,0.98
insignificantly,1.0
unconstitutional,0.99
ignoble,0.99
accusingly,1.0
cunt,0.98
squeaky,1.0
stupidity,1.0
unsettling,0.97
delinquent,0.99
sharply,0.99
loveless,0.84
devastation,1.0
accost,0.56
obscures,1.0
mishap,1.0
paradoxical,0.94
obscure,1.0
pratfall,0.99
pugnacity,0.99
mobster,0.98
suppress,0.92
unattractive,1.0
unsuspecting,1.0
exhaustion,1.0
frigid,1.0
condescension,1.0
ache,1.0
deform,1.0
unsettlingly,0.97
wrinkle,1.0
smutty,1.0
poisonous,1.0
donside,0.93
objectionable,1.0
refusal,0.98
conspiratorial,0.97
backbiting,0.99
inextricable,0.99
ugliest,1.0
domineer,1.0
adulterate,1.0
stammer,1.0
obscenely,1.0
embarrass,1.0
wane,1.0
exhaust,1.0
unscrupulous,0.99
inadequate,1.0
unclear,1.0
miserably,1.0
partiality,1.0
passiveness,0.98
inaptitude,1.0
paranoid,1.0
spotty,1.0
destroy,1.0
ostracize,1.0
impurity,1.0
involuntary,1.0
calamitous,1.0
knife,0.73
dictator,0.99
unspeakable,0.99
bug,1.0
illogic,1.0
manipulation,0.99
incautious,1.0
debility,0.8
crippled,1.0
depressed,1.0
complacent,1.0
imperfection,1.0
hostility,1.0
threat,0.99
braggart,0.95
fist,0.66
appallingly,1.0
worthlessness,1.0
flickering,1.0
strike,0.99
sulk,1.0
swindle,1.0
aghast,1.0
tardy,0.64
sneaky,0.76
desiccated,1.0
divisive,1.0
cataclysmically,0.64
anxiety,1.0
negligent,1.0
head - ache,1.0
mawkish,1.0
pessimistically,0.97
hoard,1.0
repugnance,1.0
imposer,1.0
asinine,0.72
whiny,1.0
depress,1.0
uncreative,1.0
loud,0.99
brutish,0.64
critic,0.56
irritate,1.0
discontinuity,1.0
problematic,1.0
dizzingly,1.0
dubious,1.0
reprove,0.65
deteriorate,1.0
quandary,0.99
abrade,1.0
morbidly,1.0
commotion,0.99
self - coup,0.99
damned,0.99
insulting,1.0
illogically,1.0
importune,0.95
bewitch,0.99
sinfully,0.85
meltdown,1.0
disavowal,1.0
gracelessly,0.85
choke,1.0
nightmare,1.0
savagery,0.96
perturb,1.0
absent - minded,1.0
soreness,1.0
slut,1.0
prohibitively,1.0
carelessness,1.0
mockingly,0.86
coerce,0.99
predatory,0.99
impiety,1.0
forgetful,1.0
ambiguity,0.85
egregiously,0.99
inhibition,0.99
dismally,1.0
uncivilized,1.0
hollow,1.0
ignominiously,1.0
flagrant,1.0
topple,1.0
stupify,0.97
consternation,1.0
struggle,0.97
roadblock,1.0
absurd,1.0
touted,0.98
evasive,0.96
discomfit,0.99
asininely,0.51
weary,1.0
undue,1.0
volatile,1.0
hoodwink,0.98
flirt,0.99
junkyard,1.0
polemize,0.77
derisive,1.0
imperfect,1.0
muddle,0.99
prisoner,0.98
impediment,0.99
brazenly,0.68
dodgey,0.65
uncompromisingly,0.95
draconian,1.0
recant,0.98
uneventful,1.0
autocrat,0.97
entanglement,0.92
weed,0.94
throbbing,1.0
irritation,1.0
anomaly,0.88
autocratic,0.92
proprietary,0.99
unnecessary,1.0
lengthy,0.94
inconvenience,1.0
scandel,1.0
squeak,1.0
ill - temper,1.0
despairingly,1.0
monster,0.99
belligerence,0.97
revengeful,0.9
indecorum,0.99
inferior,1.0
insurmountable,0.99
monotonous,1.0
repulsively,0.98
disaffirm,1.0
ploy,0.99
inexcusable,1.0
troublemaker,0.56
killjoy,0.93
prattle,1.0
rivalry,0.97
capsize,0.99
jeopardize,0.99
meager,1.0
illogical,1.0
disrespectablity,1.0
clamorous,0.99
hard - line,0.99
cowardly,1.0
jerk,1.0
spinster,0.99
jam,0.91
dump,1.0
overemphasize,1.0
recklessness,1.0
exhort,0.99
irresponsible,1.0
overweight,1.0
procrastinate,0.74
jeopardy,0.98
discriminatory,1.0
hobble,0.97
mourn,1.0
impudence,0.64
prison,1.0
forfeit,0.99
mystery,0.99
election - rigger,0.98
hardhearted,0.67
displease,1.0
shit,0.99
anomalous,1.0
irragularity,1.0
contend,0.94
glut,1.0
interfere,0.99
disastrously,1.0
facetiously,1.0
dishonorablely,1.0
streaky,1.0
insinuation,1.0
flout,0.98
rude,1.0
deaf,1.0
grudge,1.0
horrify,0.99
stagnation,1.0
jeeringly,0.57
annoying,1.0
liable,0.93
ingratitude,0.98
skittishly,0.89
fuck,0.95
unconvincingly,1.0
frenzy,0.7
discredit,0.99
ruthless,0.94
vindictively,0.96
grind,1.0
insupportable,0.51
superstition,0.98
subversively,0.64
imperil,0.97
tentative,0.96
cannibalize,1.0
frown,0.64
suppression,1.0
untrustworthy,0.99
short - live,0.99
nonexistent,1.0
punishable,1.0
bitchy,0.93
confusing,1.0
insincerely,1.0
unimportant,1.0
detestable,0.99
dastardly,0.9
fatal,1.0
repulsiveness,1.0
malcontente,0.99
brood,0.51
wrestle,0.57
frost,0.94
famine,1.0
dilapidated,1.0
disservice,1.0
bungler,0.78
inactive,1.0
unaffordable,0.65
insinuate,0.96
beseech,0.86
fractiously,0.91
scoffingly,0.99
subvert,0.99
bent,1.0
pricier,0.66
fleed,0.99
insufficiency,1.0
dent,1.0
disrepute,1.0
eruption,0.91
paltry,0.8
gall,1.0
furor,0.63
tin - y,0.98
brutalize,1.0
drunken,1.0
acerbate,1.0
inconsolable,1.0
sue,0.57
erode,0.83
lanky,0.98
unsatisfactory,1.0
lamentably,1.0
scapegoat,0.98
blatantly,0.96
frazzle,0.75
incongruously,1.0
perfidity,0.86
hectic,1.0
inadequately,1.0
viper,0.96
rut,1.0
dissent,0.59
unresolved,0.99
hestitant,0.96
rigid,1.0
nightmarish,1.0
grudging,0.8
debauch,1.0
unsecure,0.98
mischief,0.55
invective,0.99
bicker,0.98
worryingly,0.95
discompose,1.0
unpopular,1.0
unacceptable,1.0
indiscreetly,0.53
unavailable,0.83
recessionary,1.0
forsaken,0.91
strangest,0.98
inundate,1.0
stinging,1.0
anarchist,0.95
brashly,0.71
second - tier,0.59
dictatorial,0.98
mol,0.99
subpoena,0.94
disadvantage,1.0
belate,0.95
regretted,1.0
regressive,1.0
imminently,0.97
wily,0.63
fidget,1.0
lier,0.99
mischievous,1.0
brainwash,1.0
bravado,1.0
weirdly,0.99
curse,1.0
turbulent,0.76
desperately,0.98
gimmicky,1.0
hopeless,1.0
harmful,1.0
vice,0.95
guilt,1.0
dislike,1.0
stumbled,0.99
judder,0.91
villain,1.0
tout,0.91
allergy,0.99
unlawfulness,0.99
inaccuracy,1.0
uncomfortably,0.99
immature,1.0
hostage,0.9
sullen,1.0
sh*t,1.0
devastatingly,0.99
bankrupt,1.0
distraughtness,1.0
debatable,0.99
flaunt,0.73
irrecoverably,1.0
hysterically,0.66
revulsive,1.0
crash,0.87
bungling,0.78
self - defeat,1.0
discordant,1.0
sleazy,1.0
relentless,1.0
issue,0.86
haste,0.52
unequal,0.99
annoy,0.95
pettifog,1.0
ridicule,1.0
insane,1.0
calamitously,1.0
demise,1.0
hideously,1.0
murderous,1.0
avarice,1.0
spoon - feed,0.51
lunaticism,1.0
bedlamite,1.0
ached,1.0
baffling,1.0
inattentive,1.0
endanger,1.0
undecided,0.51
dull,1.0
diabolic,0.99
boisterous,0.99
emptiness,1.0
corrosive,1.0
disinterest,1.0
indelicate,0.77
unlikely,0.9
impossible,0.98
dissatisfie,1.0
punch,0.97
egomania,0.96
diss,1.0
oversimplify,1.0
defamation,1.0
dick,0.81
unimaginably,0.99
wallow,0.78
scoundrel,1.0
incoherent,1.0
sob,0.52
halfheartedly,0.99
debilitate,1.0
worriedly,0.99
incomprehension,1.0
demonize,0.99
dense,1.0
exterminate,0.76
disgracefully,1.0
bulkiness,0.76
inconsistence,1.0
strange,0.99
glum,1.0
unfortunate,1.0
direly,1.0
drab,1.0
rebuff,0.93
vehemently,0.89
throb,0.99
unproductive,1.0
agonizingly,1.0
viciously,1.0
imminence,1.0
drain,1.0
throttle,0.95
deficient,1.0
farcically,0.99
penalty,0.99
lazy,1.0
allege,0.98
weariness,1.0
cheesy,1.0
vibration,0.99
ambivalent,0.99
scarily,0.96
beset,0.84
doubtful,0.99
bored,1.0
stagnate,1.0
angrily,1.0
little - know,0.92
stingy,0.95
invisible,0.75
disturbingly,1.0
omit,0.99
fabricate,1.0
servitude,0.85
unseemly,0.97
bleed,1.0
straggle,1.0
ignore,1.0
wickedly,1.0
unspecified,0.78
ramshackle,1.0
timid,1.0
washed - out,1.0
browbeat,0.53
sweaty,0.98
hardheade,0.81
tumultuous,0.99
sham,1.0
gimmick,1.0
anarchism,0.62
loss,1.0
uncomfortable,1.0
misgive,1.0
loner,0.99
bane,1.0
wretched,1.0
hastily,1.0
quarrel,1.0
deceptive,0.97
paucity,1.0
beastly,0.92
afflict,1.0
maddeningly,1.0
neurotic,0.93
renunciation,0.97
discontent,1.0
bombardment,1.0
worry,1.0
propaganda,1.0
brainless,1.0
spurious,0.93
distort,1.0
felon,0.99
disobedience,1.0
ineptly,1.0
over - price,1.0
discourteously,1.0
scary,0.87
equivocal,0.98
stew,0.99
debauchery,1.0
idle,1.0
denigrate,1.0
unmoved,0.97
excruciatingly,0.94
belabor,0.99
grumpy,1.0
inhibit,0.99
treachery,1.0
inarticulate,1.0
flabbergast,0.95
divergent,0.95
scarcely,0.98
martyrdom,0.61
hysteria,1.0
inconsistency,1.0
lackey,0.99
unaccessible,1.0
unnerved,0.91
menial,0.81
shirk,0.58
dishonor,1.0
rupture,1.0
rumple,0.99
blotchy,1.0
pathetic,1.0
allergic,1.0
falsehood,1.0
flirty,1.0
layoff - happy,1.0
discontentedly,1.0
lurk,1.0
warped,1.0
infection,1.0
dupe,1.0
ill - treat,1.0
acrid,1.0
break,0.99
debaser,1.0
misalign,1.0
backbite,1.0
protest,0.98
stupor,1.0
woeful,1.0
invidious,0.94
unaccustomed,1.0
unprove,1.0
deplorably,1.0
estranged,0.95
flimsy,1.0
ragged,1.0
disapprobation,1.0
redundancy,1.0
hysterical,0.53
lethargic,1.0
disquieting,1.0
adversarial,0.77
inexplainable,0.93
discountenance,0.94
cackle,1.0
dishonorable,1.0
craven,1.0
anemic,1.0
blurred,1.0
antagonistic,0.99
fussy,0.99
unhelpful,0.99
crime,1.0
nervousness,0.53
feeble,1.0
despotism,1.0
asperse,1.0
arrogance,1.0
toll,0.57
touchy,1.0
profane,1.0
muscle - flex,0.99
misinterpret,1.0
irrelevant,1.0
cancerous,1.0
lame,1.0
betrayer,1.0
expunge,0.87
opposition,0.98
retaliatory,0.96
indecision,1.0
inexorable,0.73
embroilment,0.99
squeal,1.0
revoke,0.65
illegally,0.89
doubtfully,0.99
isolation,1.0
hazard,1.0
dangerousness,1.0
mismanage,1.0
scathing,0.99
sickening,1.0
congested,1.0
fibber,1.0
vehement,0.64
unkind,0.95
unjust,1.0
adulteration,0.95
illegal,0.97
ferociously,0.94
anti - semite,0.97
sucker,1.0
confrontational,0.93
noise,0.97
vile,1.0
hard - hit,1.0
thick,0.96
dissembler,0.9
susceptible,0.99
faithless,0.96
doggedly,0.98
reluctant,0.98
rust,1.0
crack,0.77
collusion,0.99
irrationality,1.0
impudently,0.98
cronyism,1.0
sly,1.0
sorrowful,0.87
vomit,1.0
compulsive,0.93
sickeningly,1.0
horde,0.99
bullshit,1.0
lawless,0.99
maniacal,0.99
retard,1.0
water - down,1.0
mischievously,1.0
jagged,1.0
sporadic,0.92
strut,1.0
wariness,1.0
lapse,1.0
enraged,1.0
guile,1.0
virus,1.0
discontinuous,1.0
falsely,1.0
frustration,1.0
inflated,1.0
insignificance,1.0
unexplained,0.99
berserk,1.0
effigy,0.71
self - criticism,1.0
pander,0.64
grotesque,1.0
oppressiveness,1.0
idiotically,0.99
stricken,1.0
egregious,1.0
leer,1.0
misjudgment,1.0
knotted,1.0
brash,0.74
egocentric,0.94
foully,1.0
strenuous,1.0
inconveniently,1.0
uncaring,1.0
squander,1.0
deviate,0.98
erratically,1.0
malaise,1.0
fleer,0.5
evil,1.0
last - ditch,1.0
mendacious,1.0
derisiveness,1.0
revolt,1.0
unscrupulously,0.99
desperate,1.0
virulent,0.74
curt,0.99
incompetent,1.0
reproachful,0.99
wrip,0.8
procrastination,0.97
crude,1.0
displeased,1.0
torturous,0.88
treacherously,1.0
unnerve,0.58
gawk,1.0
inefficiency,0.98
damper,0.67
dim,1.0
fuzzy,0.98
inflammation,1.0
resent,1.0
invalidate,0.99
weird,1.0
corruption,1.0
strictly,0.88
disoobedient,1.0
idiocy,1.0
unhappiness,1.0
frustrate,0.99
plea,0.67
intractable,0.99
indecently,0.99
dullard,1.0
unemployed,1.0
rumour,0.95
assult,1.0
spews,1.0
disparagingly,0.99
unsuccessful,1.0
indignity,1.0
warlike,0.94
concerned,0.95
overrun,1.0
cravenly,1.0
scowl,1.0
displace,1.0
skimpy,1.0
vociferously,0.95
downhill,1.0
stuck,1.0
whimper,1.0
misfit,1.0
inequitable,0.99
ill - design,1.0
disgrace,1.0
soapy,0.89
patronize,0.99
meaningless,1.0
floor,0.95
negativity,0.99
inexperience,0.92
clog,1.0
opportunistic,1.0
disown,1.0
shipwreck,1.0
ridiculously,0.99
subjugate,0.97
spoille,1.0
extort,0.98
bewail,0.98
cannibal,1.0
frantically,0.92
unwelcome,1.0
repressive,1.0
premeditate,0.98
troublingly,1.0
excessive,1.0
incompatability,1.0
burn,1.0
dauntingly,0.65
stereotype,0.99
infamous,1.0
gape,1.0
grim,1.0
rash,1.0
inaction,1.0
expire,0.73
aggravation,1.0
impoverish,1.0
aversion,1.0
offense,1.0
ineffectiveness,1.0
drunk,0.99
stunted,1.0
submissive,0.66
solemn,0.59
villianously,0.66
swagger,0.96
menace,1.0
pretense,1.0
convoluted,1.0
improperly,0.99
acridly,1.0
leakage,1.0
catastrophic,1.0
desecrate,1.0
evasion,0.99
bastard,1.0
imposition,0.85
sicken,1.0
traumatically,1.0
pry,0.82
lorn,0.86
niggle,0.89
moribund,1.0
unintelligile,1.0
batter,0.83
shamelessly,1.0
nastiness,1.0
beleaguer,1.0
betray,0.99
inevitable,1.0
totalitarian,1.0
defile,1.0
furiously,0.99
confront,0.99
multi - polarization,1.0
weaken,1.0
undesirable,1.0
insouciance,0.92
racism,1.0
damaging,1.0
loophole,1.0
vexingly,0.99
tattered,1.0
ste,0.86
hard - liner,0.97
gritty,0.99
stench,1.0
contradiction,0.97
audacity,1.0
incompetence,1.0
jarring,0.64
grudgingly,0.91
racist,1.0
hedonistic,1.0
falter,1.0
perfidious,0.99
bribery,0.97
emphatic,1.0
desititute,1.0
wince,1.0
error,1.0
inopportune,0.83
heckle,0.98
loathing,1.0
die,1.0
misstatement,1.0
bombard,0.99
loathly,1.0
trap,1.0
gossip,0.77
immorality,1.0
barbarously,1.0
reluctantly,0.61
absence,1.0
grumble,1.0
avalanche,0.99
sidetrack,0.9
infect,0.97
overbalance,1.0
scaly,1.0
obsessive,1.0
incite,0.99
sloww,1.0
occlude,0.98
unauthentic,1.0
decrepit,1.0
unjustifiably,1.0
jerky,1.0
coarse,1.0
lie,1.0
back - wood,0.62
resentful,0.99
dreadfully,1.0
smug,1.0
disaffect,1.0
banishment,1.0
lumpy,1.0
angriness,1.0
satirical,0.96
kill,0.99
screech,1.0
aggression,0.98
ludicrous,1.0
unobserved,0.9
neglect,1.0
scream,0.98
genocide,1.0
wanton,1.0
starve,1.0
instigator,0.97
uproarious,0.99
indeterminable,0.98
fanatical,1.0
bearish,0.92
stupified,0.91
bonker,0.99
gloatingly,1.0
shallow,1.0
unhealthy,1.0
stranger,0.95
calumny,1.0
lecherous,1.0
skeptic,1.0
chafe,0.8
checker,0.57
engulf,1.0
quack,0.58
doddering,1.0
dismay,1.0
abuse,1.0
haughtily,1.0
tricky,0.59
antagonize,0.99
unsettle,1.0
flawed,1.0
renounce,0.9
time - consume,1.0
slogs,1.0
enviously,1.0
stark,0.87
futility,1.0
culprit,0.84
fib,1.0
shabby,1.0
dragoon,0.99
grief,1.0
breakdown,1.0
smudge,1.0
pig,1.0
licentious,0.99
vilify,1.0
atrocity,0.86
undercut,1.0
ire,1.0
disrespecting,1.0
boastful,0.91
apologist,0.73
grimace,1.0
strangely,0.96
lonesome,0.82
unacceptablely,1.0
entrapment,0.99
lifeless,1.0
overdone,1.0
polution,0.96
disintegrates,1.0
gainsay,1.0
bemused,0.99
pitiless,1.0
severity,1.0
fatuous,0.71
pessimism,0.99
bitter,1.0
sinful,0.86
tantrum,0.91
overdo,1.0
harsh,1.0
unproved,0.96
retract,1.0
gauche,1.0
perish,1.0
corrosion,1.0
virulently,0.7
derogatory,1.0
pathetically,1.0
death,1.0
unspeakablely,0.95
musty,1.0
oppose,0.96
undid,0.98
vibrate,0.95
remorselessly,0.98
insanely,0.83
immaterial,1.0
decrement,0.98
rabid,1.0
insensitively,0.99
disbelief,1.0
fatuously,0.64
needle,0.9
impossibly,1.0
confusion,1.0
offensively,1.0
sputter,1.0
farce,0.97
anti - white,0.99
oppression,1.0
creepy,0.99
disappoint,1.0
degradation,1.0
gruesomely,1.0
disorient,1.0
wrought,1.0
clash,0.96
timidness,1.0
untimely,1.0
heedless,1.0
fret,0.99
venomously,0.99
stumble,1.0
inconsistent,1.0
wasteful,1.0
overplay,1.0
ridiculous,1.0
rake,0.73
blaspheme,1.0
spook,0.99
frail,0.97
motionless,1.0
deadly,1.0
rip,0.98
foolishness,1.0
scandalize,0.99
dispirit,1.0
stridently,0.91
futilely,1.0
dissuade,1.0
dawdle,1.0
denounce,0.94
chatterbox,0.78
disgustingly,1.0
undone,0.98
fry,0.99
blandish,1.0
shriek,0.99
scuff,0.72
sneakily,0.81
criminal,0.99
hiliarious,0.55
slowly,0.86
hideousness,1.0
gibberish,1.0
irrepressible,1.0
overzealously,1.0
omission,1.0
overturn,1.0
assault,1.0
frenetic,0.59
torment,1.0
encroachment,0.99
harasse,1.0
disappointing,1.0
slump,1.0
break - hearted,1.0
oblique,0.99
bash,0.77
retreat,0.99
resistance,0.63
comical,0.99
tax,0.99
indecent,1.0
swell,0.98
impure,0.99
troubled,0.98
admonition,0.72
selfishness,1.0
repel,0.97
infirm,1.0
inexpert,0.53
parasite,1.0
disloyal,1.0
confine,0.66
rip - off,1.0
droop,1.0
tingle,1.0
gutter,1.0
scarce,0.99
quarrellously,1.0
pessimistic,0.95
pillory,1.0
rage,0.99
mudslinge,1.0
impulsively,0.66
hasty,1.0
innuendo,0.98
full - blow,0.89
panic,1.0
defiler,1.0
stodgy,1.0
unconvincing,1.0
humid,0.97
amputate,1.0
lethal,0.89
deceitfulness,0.99
alienation,1.0
undissolved,0.99
deviously,1.0
villainously,0.97
coward,1.0
sunder,0.91
stringent,0.98
caustic,1.0
deception,0.99
bewilderingly,0.9
ill - treatment,1.0
conspicuously,0.76
prohibit,0.98
messy,1.0
perplex,0.5
spoonfe,0.52
brutalizing,1.0
foolhardy,1.0
overbearing,1.0
noisier,0.74
unsuccessfully,0.99
untouched,0.77
contrive,1.0
stormy,0.98
credulous,1.0
subdue,0.89
dearth,0.77
unjustly,1.0
commiserate,0.64
abomination,1.0
intrude,1.0
furious,0.99
thug,1.0
feeblely,1.0
overprice,1.0
deterioration,1.0
tepid,1.0
indecisively,0.97
demean,0.98
repulse,1.0
defective,1.0
disbeliever,1.0
resentment,1.0
taut,0.85
castigate,0.99
glib,1.0
mispronounce,1.0
unorthodoxy,0.99
collapse,1.0
devastating,1.0
horrifie,1.0
bull----,1.0
chunky,0.98
flounder,1.0
worthlessly,1.0
demoralize,1.0
latency,0.98
hype,1.0
oddity,1.0
bruise,1.0
stiffness,1.0
unbearable,1.0
difficult,1.0
accusation,1.0
lukewarm,1.0
disarray,1.0
arduous,1.0
nauseate,1.0
forgetfully,1.0
doomsday,0.99
unilateralism,0.99
flaking,1.0
narrower,0.99
discrepant,0.99
improbably,1.0
mishandle,1.0
nightmarishly,1.0
dumbfound,1.0
liability,1.0
succumb,1.0
resignation,0.92
sugar - coat,1.0
unleash,0.93
fastidiously,0.99
oversight,0.73
passe,1.0
anti - proliferation,0.86
degeneration,1.0
imperfectly,1.0
impunity,1.0
despondently,1.0
condemnation,1.0
grievous,1.0
allegation,0.99
deceitful,1.0
nervous,0.85
two - faced,1.0
demolish,1.0
fetid,1.0
scandalous,1.0
obstacle,1.0
onerously,0.93
discord,1.0
acerbic,1.0
defame,0.64
mudslinger,1.0
unfortunately,0.98
scold,1.0
gallingly,1.0
rampant,1.0
hate,1.0
dilly - dally,0.9
sermonize,1.0
unreasonably,1.0
haunt,0.99
fiendish,1.0
incredulous,1.0
dismalness,1.0
cheater,0.99
contravene,0.99
obscene,1.0
scoff,1.0
overrate,1.0
brutal,1.0
overdue,0.98
despoil,1.0
hellion,0.98
cliched,1.0
disingenuous,1.0
disdainful,1.0
bitch,1.0
fallacious,0.98
tense,0.9
impotent,1.0
crippling,1.0
dope,1.0
leaky,1.0
miscreant,1.0
recoil,1.0
bristle,1.0
crept,1.0
seriousness,0.96
letch,1.0
restriction,0.99
atrocious,1.0
crazily,0.96
haggard,0.99
uproarous,1.0
hypocrite,1.0
absurdness,1.0
bully,1.0
pugnacious,1.0
wayward,0.92
interference,1.0
maltreatment,1.0
whore,1.0
affliction,1.0
enjoin,0.99
wrong,0.99
crafty,1.0
frenetically,0.6
bereft,0.98
craze,0.93
enviousness,0.99
savage,0.99
racy,1.0
untruthful,0.98
agonize,1.0
unwatchable,1.0
irately,1.0
downer,1.0
troubling,1.0
incitement,0.94
garish,1.0
indefensible,0.87
disobedient,1.0
ailment,1.0
stab,0.95
deceit,1.0
kooky,1.0
diappointed,0.87
forgetfulness,1.0
sillily,0.73
recklessly,0.99
incomplete,1.0
deceitfully,0.99
vindictive,0.98
butcher,1.0
concession,0.96
sucky,1.0
disarm,0.52
fever,1.0
flighty,1.0
insecure,1.0
malodorous,1.0
satirize,1.0
darken,0.97
victimize,1.0
blunt,0.78
suicidal,1.0
haughty,0.99
unwisely,0.91
unwarranted,0.72
suicide,1.0
laughable,0.98
unqualified,0.84
irksomenesse,1.0
erase,1.0
insubstantially,0.81
fastidious,0.97
nosey,0.73
wild,1.0
crooked,1.0
warily,0.78
embarrassingly,1.0
hog,0.99
outrage,0.99
fails,1.0
assassin,0.97
shaky,1.0
bothersome,1.0
fear,1.0
wrongly,1.0
back - log,1.0
uncontrolled,0.97
divisively,1.0
chatter,0.53
disapprove,0.99
frustrates,1.0
bestial,1.0
din,0.99
adversary,0.87
bashful,0.98
treasonous,1.0
scarcity,0.96
hateful,1.0
acerbically,0.97
hawkish,0.83
restless,1.0
recourse,1.0
2-faces,0.94
extermination,1.0
pretence,0.95
dangerous,1.0
inhospitable,0.95
monstrous,1.0
horrifys,0.99
lawbreaking,0.76
manic,1.0
nefariously,0.98
calumniate,1.0
incomprehensible,1.0
fanaticism,1.0
inept,1.0
err,0.91
failure,1.0
fainthearte,0.96
quarrellous,1.0
shady,0.96
punitive,0.99
debase,1.0
anguish,1.0
helpless,1.0
funny,1.0
insufficient,1.0
emasculate,0.99
fateful,0.96
fusty,1.0
uninformed,1.0
suspect,0.99
prejudice,1.0
daze,1.0
anti - -PRON-,1.0
caustically,0.98
inhumanity,1.0
uncompetitive,0.99
dissatisfy,1.0
non - confidence,1.0
overstate,1.0
numb,1.0
bland,1.0
gutless,1.0
chill,0.96
afflictive,1.0
dishearten,1.0
compulsion,0.97
imprison,1.0
maliciousness,1.0
run - down,1.0
refutation,0.99
uneasy,1.0
shoddy,1.0
infuriate,1.0
garbage,1.0
inflamme,1.0
blindingly,1.0
miscalculate,1.0
defiant,1.0
defensive,1.0
indigent,0.62
challenging,0.99
cumbersome,1.0
offensive,1.0
despondence,1.0
exploitation,1.0
malice,0.92
slogging,1.0
disconcert,1.0
insidiously,1.0
rival,0.95
alienated,1.0
annihilate,0.99
sinister,0.91
sadness,1.0
fruitless,0.97
sober,0.98
desolately,1.0
insecurity,1.0
villianous,1.0
hum,1.0
castrate,0.83
unhappily,1.0
venomous,1.0
covetous,0.98
hurt,1.0
lambaste,1.0
taboo,1.0
peevish,1.0
delusion,1.0
unwillingness,1.0
seedy,1.0
enemy,1.0
corrode,1.0
deplete,1.0
wrangle,1.0
excessively,0.99
break - up,1.0
misbecome,1.0
costly,1.0
peril,1.0
apprehension,0.99
selfishly,0.97
insolence,1.0
aweful,0.77
fiend,1.0
animosity,0.66
unappealing,1.0
insolvent,1.0
improbability,1.0
bigotry,1.0
tangle,1.0
weak,1.0
dunce,0.92
starkly,0.96
offend,1.0
hotbed,0.94
disparaging,1.0
whine,1.0
sty,0.61
mistakenly,1.0
misery,1.0
worried,1.0
heavyhearte,0.99
ghetto,1.0
upset,1.0
upsetting,0.99
radically,0.99
loot,0.96
perverse,0.99
madden,1.0
reproach,0.99
pertinacity,0.75
farcical,1.0
chide,0.74
fat,1.0
boycott,1.0
futile,1.0
nervously,0.93
denunciate,1.0
insatiable,1.0
swamped,1.0
cloud,0.61
persecute,0.87
silly,0.81
suspicion,1.0
bewilder,0.87
aimless,1.0
disapproval,1.0
craftily,1.0
conceit,1.0
dogmatic,0.82
catastrophically,1.0
helplessness,1.0
slander,1.0
lonely,1.0
laconic,1.0
playthe,0.93
prohibitive,1.0
arrogantly,1.0
reprehensibly,1.0
ill - fate,1.0
enflame,1.0
disgusted,1.0
contaminate,1.0
afraid,1.0
mortification,1.0
implausible,1.0
delinquency,0.99
wear,0.78
odder,1.0
spiteful,0.94
aggravate,1.0
fatty,0.98
wrath,1.0
irascible,1.0
sensationalize,1.0
lemon,0.96
irresolvable,1.0
crisis,1.0
distaste,1.0
gabble,1.0
destain,0.94
disinclined,1.0
misguided,1.0
sickly,1.0
pout,0.99
greed,0.99
insincerity,1.0
unsound,0.98
disintegration,1.0
scornfully,0.99
smoke,0.99
apocalyptic,0.97
smut,1.0
backwood,0.97
abort,1.0
apocalypse,0.82
uneasiness,1.0
deign,0.99
instable,0.98
inexorably,0.95
concede,0.95
unraveled,0.99
guilty,0.99
arbitrary,1.0
glibly,1.0
revert,0.96
dumb,1.0
wobble,1.0
extraneous,0.99
buckle,0.53
hazardous,1.0
fearsome,1.0
sore,1.0
cruel,1.0
ineffectualness,0.97
snobish,1.0
unexpected,1.0
unrelentingly,0.91
conservative,0.89
miserly,1.0
leak,1.0
bloodshed,1.0
deter,0.6
unreasonable,1.0
hung,0.9
sloppy,1.0
unsupported,0.95
meddle,0.76
breach,0.98
woefully,0.99
fool,0.99
damnable,0.8
drag,1.0
rebellious,0.99
d*mn,0.86
dog,0.96
pauper,1.0
lecher,0.98
chilly,1.0
acrimonious,1.0
expropriate,0.89
insidious,1.0
hothouse,0.99
malevolent,0.93
funky,0.99
sueing,0.99
fracture,1.0
incorrect,1.0
depressing,1.0
mortify,1.0
desolate,1.0
flagrantly,0.99
fragile,0.98
insensitive,1.0
choppy,1.0
unwanted,1.0
incompatible,1.0
barbarically,1.0
uneven,1.0
spiritless,1.0
unjustified,0.99
wr,0.65
inconsiderate,1.0
slowww,1.0
die - hard,0.73
bull * * * *,1.0
bullyingly,1.0
randomly,0.9
imprudence,1.0
feebleminde,1.0
languor,0.84
irredeemably,0.99
loneliness,1.0
exorbitant,0.69
chaos,1.0
slack,1.0
mislike,1.0
fraud,1.0
dubitable,1.0
catastrophies,0.99
paralize,0.91
uprising,0.99
flag,0.85
disagreeing,0.96
impasse,1.0
inescapable,0.83
dejection,1.0
disgraceful,1.0
annoys,0.96
retardedness,1.0
bungle,1.0
self - interest,0.99
inanely,1.0
skittish,0.97
discouragement,1.0
obsessively,1.0
absentee,1.0
excruciating,1.0
lech,0.93
remorseful,0.69
traumatic,1.0
shrivel,0.91
delay,0.95
hefty,0.91
devil,0.9
inconsequential,1.0
notorious,0.9
precarious,1.0
zapped,0.64
grisly,1.0
mournfully,1.0
scum,1.0
brazenness,0.96
encroach,1.0
madman,1.0
backward,1.0
paralyzed,1.0
unthinkably,1.0
toil,0.92
hubris,1.0
misguide,1.0
disapointe,1.0
stressful,0.95
detraction,0.94
wreaks,1.0
tyrannically,0.99
indifference,1.0
discordance,1.0
forsake,0.84
hinder,0.99
repress,0.99
egotistical,1.0
blockhead,0.98
ineffective,1.0
flare,0.94
flicere,0.94
smell,0.54
misfortune,1.0
erroneous,1.0
temptation,0.97
slanderously,1.0
vent,0.75
delirium,1.0
sorely,1.0
unnatural,1.0
fatigue,1.0
apathetically,0.99
inconsequentially,1.0
demoralizingly,0.99
condescending,1.0
polluter,1.0
fragment,1.0
suffer,1.0
overreach,1.0
dissolution,1.0
cataclysmal,1.0
cataclysmic,0.99
craziness,0.99
ruffian,1.0
unnervingly,0.52
flareup,1.0
dissident,1.0
disapointment,1.0
impoverished,1.0
disgustfully,1.0
irreparable,1.0
miserable,1.0
discomfort,1.0
strain,1.0
unsavory,1.0
lethargy,1.0
derision,1.0
declaim,0.91
mock,0.99
snobby,0.98
domineering,1.0
inoperable,1.0
suffocate,1.0
negative,1.0
gibe,0.76
discriminate,0.97
spitefulness,0.97
thoughtlessness,1.0
testy,0.98
inhuman,1.0
dissatisfied,1.0
unintelligible,1.0
fat - cat,0.84
rigidity,1.0
dastard,0.52
unknown,0.97
perversity,0.99
unsafe,1.0
zealously,0.87
detestably,0.99
war - like,0.99
harry,0.94
kaput,0.75
violate,0.99
tyrannical,1.0
drip,1.0
underle,0.96
vexation,1.0
disruptive,0.97
eccentric,0.92
explosive,0.94
grouse,0.98
disadvantageous,1.0
steep,0.99
rigidness,1.0
upbraid,1.0
horrendously,1.0
gaffe,1.0
spoil,1.0
inequality,0.98
nauseatingly,1.0
petty,1.0
scorn,1.0
unfinished,1.0
tentatively,0.5
rotten,1.0
apathy,0.6
rancor,1.0
deterrent,0.65
flak,1.0
crabby,1.0
daunting,0.95
extremism,0.93
demon,0.94
fudge,1.0
frightful,0.97
ho - hum,0.99
harpy,0.98
distain,1.0
bulkyness,1.0
inefficacious,0.99
shortsightedness,1.0
ill - define,1.0
disquiet,1.0
despicable,1.0
stern,1.0
contentious,0.91
achey,1.0
stink,1.0
killer,0.86
strict,0.53
unthinkable,0.99
illusory,1.0
helplessly,1.0
conceited,1.0
hindrance,1.0
detriment,1.0
remorseless,0.96
embarrassment,1.0
scorchingly,1.0
imprecate,1.0
transgression,0.71
dissatisfaction,1.0
downheartedly,1.0
instigate,0.92
perplexing,1.0
humiliation,1.0
disintereste,1.0
gross,1.0
somber,0.99
imprecision,1.0
uncomfy,0.99
offender,1.0
irregular,1.0
pariah,0.68
incompatibility,1.0
inveigle,1.0
merciless,0.9
runaway,0.95
unwilling,0.99
quibble,0.5
uncooperative,1.0
discouraging,1.0
injury,1.0
despot,1.0
outrageous,0.83
gruff,0.98
shamefully,1.0
grossly,1.0
pretend,0.99
damage,1.0
high - price,1.0
deadlock,0.98
paradoxically,0.98
worrisome,1.0
disconsolation,1.0
lag,1.0
heinous,1.0
sorrow,1.0
phony,1.0
drippy,1.0
smoulder,1.0
radical,0.52
insufficiently,1.0
sour,1.0
blackmail,0.99
boring,1.0
tiresome,1.0
exacerbate,1.0
skinny,1.0
stereotypically,1.0
flicker,0.99
calumnious,1.0
extortion,0.97
disagreement,0.99
inefficacy,0.68
intrusive,1.0
clamor,0.71
aggressor,0.97
barbarian,0.56
breakup,0.99
na√Øve,0.99
bloodthirsty,0.98
inadequacy,1.0
distastefully,1.0
contradictory,1.0
torture,1.0
drunkard,1.0
deadbeat,0.67
stressfully,0.6
misbehavior,1.0
worthless,1.0
defamatory,0.6
teasingly,0.97
slog,1.0
obstinately,0.9
rife,0.97
ineffectually,0.99
scoldingly,1.0
madly,0.99
ignorance,1.0
incredulously,1.0
lowly,0.99
hassele,0.98
negation,0.99
uglier,1.0
hardball,0.99
graceless,1.0
illusion,0.67
annoyingly,1.0
irritated,1.0
vague,1.0
slaughter,1.0
frustrating,0.99
grumpiest,0.95
impugn,1.0
onerous,0.95
flakey,1.0
miscalculation,1.0
despotic,1.0
weakness,0.98
brusque,1.0
jobless,1.0
trash,1.0
blame,1.0
petrify,0.81
abnormal,1.0
cheapen,1.0
inequity,1.0
mope,0.98
carp,0.99
shameful,1.0
primitive,1.0
impaired,1.0
vengefulness,0.98
blind,1.0
exasperation,1.0
dilemma,1.0
fanatic,1.0
awful,1.0
irreformable,0.99
knave,0.97
infernal,1.0
poisonously,1.0
grievance,0.99
substandard,1.0
friction,1.0
boggle,0.99
undermine,1.0
ironic,0.66
damn,0.73
hooligan,0.68
undignified,1.0
nebulously,0.89
disobey,1.0
displeasure,1.0
dissonantly,1.0
menacingly,0.71
stooge,1.0
bellicose,0.95
strained,1.0
wrongful,0.92
discoutinous,1.0
laggy,1.0
expel,0.99
torturously,0.99
rejection,1.0
distortion,1.0
fierce,0.94
heartbreakingly,0.89
sabotage,0.99
hypocritically,1.0
blister,1.0
sick,1.0
destroyer,0.79
spurn,0.99
famish,0.87
qualm,1.0
outsider,0.73
eccentricity,0.52
shocking,1.0
monstrosity,1.0
overtax,1.0
fugitive,0.86
despoiler,1.0
sub - par,1.0
meanness,1.0
gangster,1.0
splatter,1.0
inexperienced,1.0
sarcastically,0.96
unlicensed,0.99
doldrums,0.59
feverish,1.0
mistrustfully,1.0
inhospitality,0.69
shamble,1.0
obliterate,1.0
erroneously,1.0
cash - strap,0.85
bust,0.95
discombobulate,1.0
irritably,1.0
bitterly,1.0
expensive,0.91
uncouth,1.0
overbearingly,1.0
dread,1.0
stubbornness,0.94
sacrifice,0.99
outcry,0.97
shark,0.99
disagreeably,0.93
starvation,1.0
adulterier,1.0
freaking,0.59
hopelessly,1.0
farcical - yet - provocative,1.0
slur,1.0
hoodium,0.56
melodramatic,0.63
impropriety,1.0
noisy,0.79
defiantly,1.0
lurid,1.0
atrophy,1.0
deviousness,0.98
lamentable,1.0
sickness,1.0
womanize,0.75
fume,0.98
menacing,0.87
warning,0.99
outbreak,1.0
inflame,0.91
hurtful,0.96
maniac,0.99
disorderly,1.0
dreadfulness,1.0
implausibly,1.0
phobia,1.0
indignant,0.99
militancy,0.94
blunder,1.0
cautionary,0.79
condescend,1.0
disloyalty,1.0
defiance,0.56
marginal,1.0
flat - out,1.0
anxiously,0.54
shortsighted,1.0
traduce,1.0
distrust,1.0
mysteriously,0.73
detracts,1.0
rile,0.78
brashness,1.0
disregard,0.99
discouragingly,1.0
unbearablely,1.0
depression,1.0
dismayingly,1.0
bleakly,0.99
toughness,0.66
twist,1.0
ludicrously,1.0
trouble,1.0
infamy,1.0
insult,1.0
gloomy,1.0
freakishly,1.0
rhetoric,0.7
pugnaciously,1.0
unuseably,1.0
criticism,1.0
thoughtless,1.0
evade,0.98
impolitic,1.0
hallucinate,1.0
faint,1.0
banish,1.0
unfairly,1.0
hazy,0.55
insolent,0.99
rot,1.0
overkill,1.0
obese,1.0
unwieldy,1.0
scourge,1.0
fanciful,1.0
notoriety,0.97
anxious,0.82
stress,1.0
disproportionate,1.0
snarl,1.0
foolishly,1.0
blemish,1.0
repetitive,1.0
puppet,0.97
stagnant,1.0
grainy,1.0
cancer,1.0
imbecile,1.0
intimidatingly,0.71
itchy,1.0
impinge,1.0
lull,1.0
ineloquent,1.0
calamity,1.0
plotter,0.99
dizzing,1.0
unsteadiness,1.0
tenuously,0.94
lovelorn,0.99
sticky,0.54
mindlessly,1.0
thirst,1.0
cheat,1.0
vengeance,0.7
eviscerate,1.0
blurry,1.0
unsophisticated,1.0
fall,0.8
bore,1.0
admonishment,0.75
downfall,1.0
penalize,1.0
ulterior,1.0
dispute,0.98
languorous,0.68
glitch,1.0
disruption,1.0
pertinaciously,1.0
pest,1.0
glaringly,0.73
offensiveness,1.0
unlamentably,0.99
regretful,0.96
chaff,0.68
bumping,0.56
avenge,0.79
peculiar,0.99
bias,1.0
indeterminably,0.77
inability,1.0
intefere,0.66
mourner,0.9
immorally,1.0
dissapointed,1.0
ultra - hardline,0.64
insurrection,0.99
corrupt,1.0
tragically,0.99
incompliant,1.0
jaundice,1.0
spitefully,0.92
incessantly,1.0
inextricably,0.99
lewd,1.0
overthrow,1.0
irrecoverableness,1.0
nuisance,1.0
lechery,1.0
dirt,1.0
symptom,0.99
spew,0.98
vanity,1.0
moody,0.95
smuttiest,1.0
unrest,1.0
mournful,1.0
fault,1.0
undefined,0.94
ax,0.95
negligence,1.0
disgustful,1.0
embarrassing,1.0
timidly,1.0
detest,1.0
illegitimate,0.91
combative,0.91
indoctrinate,0.99
fictitious,0.91
shameless,1.0
dismal,1.0
remorsefully,0.95
squirm,0.97
unpleasant,1.0
slow,1.0
longingly,0.99
peculiarly,0.99
shrilly,1.0
tragic,1.0
infamously,0.97
assassinate,1.0
stutter,1.0
pitifully,1.0
stalemate,1.0
pervert,0.98
cliche,1.0
nefarious,1.0
admonish,0.89
wary,0.99
audaciousness,1.0
alarmingly,1.0
dirtbag,0.99
fictional,0.93
exasperating,1.0
irrecoverablenesse,1.0
lay - off,0.99
molestation,1.0
fearfully,1.0
unlamentable,0.97
untenable,0.99
scare,0.99
irreconcilable,1.0
disputable,0.98
dubiously,1.0
shocked,0.99
polarisation,0.98
debt,0.87
underpowered,0.97
unbelievable,0.96
vociferous,0.82
poorly,1.0
wile,0.99
fearful,1.0
filthy,1.0
unable,0.99
frantic,1.0
murderously,1.0
lambast,1.0
barbaric,1.0
unhappy,1.0
bullying,1.0
degradingly,1.0
entrap,1.0
pinch,0.99
admonishingly,0.84
gibber,1.0
slothful,0.93
capitulate,0.94
inapt,0.99
impertinent,1.0
longing,0.96
tacky,1.0
obstruction,1.0
finicky,0.97
setback,1.0
discourage,1.0
mushy,1.0
exaggeration,1.0
cheap,1.0
incomparable,1.0
guiltily,1.0
wastefulness,1.0
drone,0.64
insignificant,1.0
unworkable,1.0
astray,1.0
banal,1.0
fatalistically,1.0
harridan,0.96
bragger,0.99
enervate,0.95
dishearteningly,1.0
busybody,0.5
caricature,1.0
disappointment,1.0
awkward,1.0
giddy,0.99
ignorant,1.0
epidemic,1.0
violent,1.0
unworthy,1.0
lewdness,1.0
ferocity,1.0
hegemonism,0.97
disgusting,1.0
dirty,1.0
puzzle,0.79
torrent,1.0
apprehensive,0.83
shiver,0.99
over - awe,1.0
uncollectible,0.96
intimidate,0.83
exagerate,0.61
rankle,1.0
dimmer,0.95
forlornly,1.0
defunct,0.97
horrified,1.0
disinclination,1.0
deprecate,1.0
disconcertingly,1.0
oppressively,1.0
slime,1.0
subordinate,0.99
malignant,1.0
obtrusive,1.0
trivial,0.99
authoritarian,0.99
detrimental,1.0
complication,1.0
clueless,1.0
sufferer,1.0
ruffle,1.0
inconsiderately,1.0
disconsolate,1.0
unkindly,0.91
clumsy,1.0
dy,0.79
hardship,1.0
decrepitude,1.0
restrictive,1.0
oppressive,1.0
disorder,1.0
harassment,1.0
inappropriately,1.0
malevolence,0.95
infringement,0.99
bleak,1.0
austere,0.89
doom,1.0
impatiently,0.88
enfeeble,0.5
devilry,0.91
self - serve,0.74
lesser - know,0.99
violator,0.95
wearisome,1.0
licentiously,0.99
wicked,1.0
tamper,1.0
rollercoaster,0.99
wrippe,0.95
hang,1.0
inescapably,0.82
bomb,0.84
womanizer,0.76
viciousness,1.0
insinuating,0.76
controversial,0.94
inhumane,1.0
spooky,0.95
liar,0.99
bashed,1.0
anarchistic,0.91
pestilent,1.0
reactionary,0.93
imprecisely,1.0
knock,0.52
counter - productive,0.61
backwardness,1.0
hell,0.99
doubt,1.0
stigmatize,1.0
defect,1.0
disvalue,1.0
ill - natured,1.0
mad,0.98
dizzy,1.0
ominous,0.99
mediocrity,1.0
reprehensible,1.0
skeleton,0.96
stymied,1.0
bad,1.0
prejudicial,0.95
puzzlement,0.53
squash,1.0
sluggish,1.0
dispensable,1.0
prevaricate,0.98
thoughtlessly,1.0
siege,1.0
jittery,0.99
calumniation,1.0
martyrdom - seek,0.8
outrageousness,0.72
dissonance,1.0
coldly,0.99
resurgent,0.97
degrade,1.0
reticent,0.99
disregardful,0.99
prik,0.96
uninsured,1.0
creaking,1.0
blasphemy,1.0
rubbish,1.0
immobilize,0.71
limited,0.97
insincere,1.0
subservient,0.97
harboring,0.6
travesty,1.0
violation,0.99
feint,0.96
imprisonment,1.0
confound,0.92
misrepresentation,1.0
seethe,0.97
haywire,1.0
unsteadily,1.0
terribly,1.0
forswear,1.0
rumble,0.77
overheat,1.0
woebegone,0.92
snarky,1.0
unreliability,1.0
lure,0.83
dungeon,0.99
pique,0.77
over - valuation,1.0
revulsion,1.0
regrettable,1.0
traped,1.0
frustratingly,1.0
misguidance,1.0
showdown,0.92
hypocritical,1.0
grouch,0.94
inadvisably,1.0
melancholy,1.0
disgust,1.0
stun,1.0
heathen,1.0
rift,1.0
amiss,1.0
tired,1.0
quash,0.99
congestion,1.0
unfit,1.0
impolitely,1.0
devilishly,0.9
frighten,1.0
irrelevance,1.0
greedy,0.99
improbable,1.0
maladjuste,1.0
sin,1.0
halfhearte,0.98
unnoticed,0.98
precariously,1.0
oddly,0.96
dwindle,1.0
snob,1.0
unfounded,1.0
plunder,1.0
ruthlessly,0.95
blatant,0.99
drop - out,0.99
barbarity,1.0
overwhelms,1.0
subservience,1.0
denial,1.0
risky,0.98
unstable,1.0
freak,0.74
asunder,0.77
illicit,0.91
stereotypical,1.0
vomiting,1.0
grievously,0.99
annihilation,1.0
brutalising,1.0
malcontent,1.0
bumpy,0.94
unsupportive,0.99
envious,1.0
syndrome,1.0
terror - genic,0.97
unipolar,1.0
dissidence,1.0
disquietude,1.0
sever,0.97
goon,0.83
timidity,1.0
plague,1.0
monstrously,1.0
thumb - down,1.0
urgent,0.96
complicated,0.97
pedantic,0.66
balk,1.0
long - winded,1.0
unusable,1.0
indecisive,0.85
invidiousness,0.67
dropout,0.94
aspersion,1.0
incorrigible,1.0
morbid,1.0
choleric,1.0
ghastly,1.0
lugubrious,1.0
worri,1.0
erosion,1.0
warp,1.0
insensible,0.99
temerity,0.97
scam,1.0
fatally,1.0
clogged,1.0
eyesore,1.0
slow - move,1.0
betrayal,1.0
plot,0.75
feckless,0.99
senseless,1.0
weep,0.83
disquietingly,1.0
inevitably,0.89
screw - up,1.0
audacious,1.0
superfluous,1.0
distasteful,1.0
bombastic,0.99
fluster,1.0
malicious,1.0
mire,1.0
heresy,1.0
escapade,1.0
childish,1.0
brutality,1.0
unproves,1.0
misconception,0.98
batty,1.0
un - viewable,1.0
bereave,0.99
bulkier,0.94
unimaginable,0.99
scar,0.86
implacable,1.0
shemale,0.69
junk,1.0
invidiously,0.84
retaliate,0.94
dishonestly,1.0
blow,0.98
mortified,1.0
jeer,0.87
dark,0.54
audiciously,1.0
abominable,1.0
rumor,1.0
trauma,1.0
relentlessly,1.0
unfulfilled,1.0
f**k,0.73
conspire,0.66
selfinterested,1.0
anti - occupation,0.81
flair,1.0
taunt,0.89
fatalistic,0.99
jealousy,0.97
profanity,1.0
hardliner,0.89
truant,1.0
murder,1.0
mercilessly,0.78
mysterious,0.92
forebode,1.0
vengeful,0.99
crush,0.99
quarrelsome,0.99
perverted,0.97
agony,1.0
sneer,1.0
implication,0.96
ordeal,1.0
vainly,1.0
maledict,0.96
spite,0.86
tempest,0.63
irksomeness,1.0
disparage,1.0
delirious,0.95
outrageously,0.97
uproarously,0.96
mess,1.0
unlawfully,0.96
swollen,1.0
suspicious,0.99
outcast,1.0
crummy,1.0
interruption,1.0
anarchy,1.0
overloaded,0.99
chastise,1.0
inglorious,1.0
barbarous,1.0
disaster,1.0
shortage,1.0
abysmal,1.0
superstitious,1.0
unnaturally,1.0
skepticism,0.95
limp,1.0
coupist,1.0
plagiarize,1.0
shrill,1.0
scornful,0.99
miscellaneous,0.92
disrespectfulness,1.0
intolerablely,1.0
refuse,1.0
stringently,0.95
hater,1.0
haphazard,1.0
venom,0.98
inconsolably,1.0
maladjustment,1.0
arduously,1.0
loathsome,1.0
parody,0.52
subjection,0.96
exasperate,1.0
offence,1.0
troublesome,1.0
dehumanize,1.0
uneasily,1.0
sap,1.0
tarnished,0.99
misrepresent,1.0
unbelievably,0.97
plasticky,1.0
devoid,1.0
frighteningly,0.96
overact,1.0
infraction,0.99
undocumented,0.99
usurper,0.99
painful,1.0
accidental,0.99
elimination,0.93
fascism,1.0
impeach,1.0
impudent,1.0
oddest,1.0
huckster,0.97
impede,0.99
complain,1.0
hallucination,1.0
loath,1.0
unfamiliar,1.0
dusty,1.0
repudiate,0.99
annoyance,1.0
vicious,1.0
suffering,1.0
belligerently,0.96
irreplacible,1.0
beggarly,1.0
second - class,0.94
disrespectfully,1.0
complicit,0.94
antipathy,0.88
impermissible,0.99
disgruntle,1.0
unforeseen,0.95
indiscretion,1.0
culpable,0.67
derisively,1.0
provocative,1.0
snappish,0.99
unfunded,1.0
nonsense,1.0
shimmer,1.0
bizarre,0.99
peevishly,1.0
isolate,0.99
upsettingly,0.99
biased,0.99
repudiation,0.99
frozen,1.0
imprudent,1.0
downside,1.0
nepotism,1.0
sloooow,1.0
hopelessness,1.0
infidel,1.0
queer,0.98
bewilderment,0.98
jealousness,0.97
skeptically,0.52
underpaid,0.99
tortured,0.99
precipitate,0.99
insurmountably,0.98
extravagant,0.99
spade,0.89
refute,0.96
stubbornly,0.61
invalidity,1.0
misunderstand,0.99
demolisher,0.83
unfaithful,1.0
terrorize,1.0
wretch,0.77
smother,1.0
bitingly,0.69
insubordinate,1.0
gnawing,1.0
inimically,0.99
scathingly,0.85
hedge,0.91
sloth,0.92
desertion,1.0
puny,1.0
harm,1.0
madder,0.63
unresponsive,1.0
misinform,1.0
gawky,1.0
incivility,0.98
inflexible,0.84
disagreeable,0.98
deplorable,1.0
ashamed,1.0
precipitous,1.0
belittle,1.0
rape,1.0
villify,0.99
